<?xml version="1.0" encoding="UTF-8"?>
<project-private xmlns="http://www.netbeans.org/ns/project-private/1">
    <editor-bookmarks xmlns="http://www.netbeans.org/ns/editor-bookmarks/2" lastBookmarkId="0"/>
    <open-files xmlns="http://www.netbeans.org/ns/projectui-open-files/2">
        <group>
            <file>file:/D:/proyekPBO/AQyurateCashier/src/controllers/ItemController.java</file>
            <file>file:/D:/proyekPBO/AQyurateCashier/src/views/frmAddTransaction.java</file>
            <file>file:/D:/proyekPBO/AQyurateCashier/src/controllers/StockController.java</file>
            <file>file:/D:/proyekPBO/AQyurateCashier/src/views/frmIncomingLog.java</file>
            <file>file:/D:/proyekPBO/AQyurateCashier/src/views/frmSales.java</file>
            <file>file:/D:/proyekPBO/AQyurateCashier/src/views/frmMenu.java</file>
            <file>file:/D:/proyekPBO/AQyurateCashier/src/views/frmStock.java</file>
            <file>file:/D:/proyekPBO/AQyurateCashier/src/views/frmIncoming.java</file>
            <file>file:/D:/proyekPBO/AQyurateCashier/src/views/frmLogin.java</file>
            <file>file:/D:/proyekPBO/AQyurateCashier/src/views/frmItem.java</file>
            <file>file:/D:/proyekPBO/AQyurateCashier/src/views/frmAddItem.java</file>
            <file>file:/D:/proyekPBO/AQyurateCashier/src/models/Stock.java</file>
            <file>file:/D:/proyekPBO/AQyurateCashier/src/controllers/TransactionController.java</file>
        </group>
    </open-files>
</project-private>
